{
  "formatVersion": 1,
  "database": {
    "version": 2,
    "identityHash": "8d9c98579e7a691073d01fcb4506ec7a",
    "entities": [
      {
        "tableName": "room",
        "createSql": "CREATE TABLE IF NOT EXISTS `${TABLE_NAME}` (`uid` INTEGER PRIMARY KEY AUTOINCREMENT NOT NULL, `room` TEXT, `time` TEXT, `date` TEXT, `Location` TEXT)",
        "fields": [
          {
            "fieldPath": "uid",
            "columnName": "uid",
            "affinity": "INTEGER",
            "notNull": true
          },
          {
            "fieldPath": "r",
            "columnName": "room",
            "affinity": "TEXT",
            "notNull": false
          },
          {
            "fieldPath": "t",
            "columnName": "time",
            "affinity": "TEXT",
            "notNull": false
          },
          {
            "fieldPath": "d",
            "columnName": "date",
            "affinity": "TEXT",
            "notNull": false
          },
          {
            "fieldPath": "l",
            "columnName": "Location",
            "affinity": "TEXT",
            "notNull": false
          }
        ],
        "primaryKey": {
          "autoGenerate": true,
          "columnNames": [
            "uid"
          ]
        },
        "indices": [],
        "foreignKeys": []
      }
    ],
    "views": [],
    "setupQueries": [
      "CREATE TABLE IF NOT EXISTS room_master_table (id INTEGER PRIMARY KEY,identity_hash TEXT)",
      "INSERT OR REPLACE INTO room_master_table (id,identity_hash) VALUES(42, '8d9c98579e7a691073d01fcb4506ec7a')"
    ]
  }
}